Address,Type,Return,Description,Progress
$808000,Code,Never,Start,
$8080F5,Code,RTI,V-Blank handler,
$8081A0,Code,RTS,,
$8081CC,Code,RTS,,
$808230,Code,RTL,,
$80824B,Code,RTS,,
$8082C8,Code,RTS,,
$8082E9,Code,RTS,,
$808302,Code,RTL,,
$808315,Code,RTL,,
$80832C,Code,RTL,,
$808344,Code,RTL,,
$808393,Code,RTI,IRQ Handler,
$808404,Code,RTL,,
$808458,Code,RTL,,
$8085DA,Code,RTL,,
$8085E2,Code,RTL,,
$8085EC,Code,RTL,,
$8085F6,Code,RTL,,
$8085FF,Code,RTL,,
$808606,Code,RTS,,
$80860C,Code,RTS,,
$808613,Code,RTL,,
$808622,Code,RTL,,
$80865A,Code,RTL,,
$808666,Code,RTL,,
$8086E9,Code,RTL,,
$808710,Code,RTL,,
$808808,Code,RTL,,
$808823,Code,RTL,,
$808828,Code,RTL,,
$80883F,Code,RTL,,
$80887C,Code,RTL,,
$808898,Code,RTL,,
$8088AF,Code,RTL,,
$808921,Code,RTL,,
$808938,Code,RTL,,
$80893F,Code,RTL,,
$808946,Code,RTL,,
$808950,Code,RTL,,
$808990,Code,RTL,,
$808993,Code,RTL,,
$8089BD,Code,RTL,,
$8089DB,Code,RTL,,
$808A53,Code,RTL,,
$808A7A,Code,RTL,,
$808A7C,Code,RTL,,
$808AB5,Code,RTL,,
$808ACA,Code,RTL,,
$808B6C,Code,RTS,,
$808B9C,Code,RTL,,
$808BB1,Code,RTL,,
$808BC2,Code,RTL,,
$808C2E,Code,RTS,,
$808C5A,Code,RTS,,
$808C86,Code,RTS,,
$808C9F,Code,RTL,,
$808CB3,Code,RTL,,
$808CFC,Code,RTL,,
$808D45,Code,RTL,,
$808D48,Code,RTL,,
$808D75,Code,RTL,,
$808D78,Code,RTL,,
$808D7B,Code,RTL,,
$808DBB,Code,RTL,,
$808DBE,Code,RTL,,
$808DF4,Code,RTL,,
$808E05,Code,RTL,,
$808E18,Code,RTL,,
$808E44,Code,RTL,,
$808E65,Code,RTL,,
$808E7C,Code,RTL,,
$808E97,Code,RTL,,
$808ED2,Code,RTL,,
$808F24,Code,RTL,,
$808F2C,Code,RTL,,
$808F67,Code,RTL,,
$808F6E,Code,RTL,,
$808F7F,Code,RTL,,
$808F86,Code,RTL,,
$808F94,Code,RTL,,
$808F9C,Code,RTL,,
$808FA4,Code,RTL,,
$808FAC,Code,RTL,,
$808FB4,Code,RTL,,
$808FBA,Code,RTL,,
$808FC0,Code,RTL,,
$808FD5,Code,RTL,,
$808FD8,Code,RTL,,
$809034,Code,RTL,,
$809054,Code,RTL,,
$80913A,Code,RTS,,
$809167,Code,RTS,,
$809169,Code,RTS,,
$809176,Code,RTS,,
$809179,Code,RTL,,
$80918E,Code,RTL,,
$8091A3,Code,RTL,,
$8091D1,Code,RTL,,
$8092BE,Code,RTS,,
$8092EB,Code,RTS,,
$8092ED,Code,RTS,,
$8092F3,Code,RTS,,
$8092F6,Code,RTL,,
$80934A,Code,RTL,,
$80936E,Code,RTL,,
$809493,Code,RTL,,
$809570,Code,RTL,,
$8095B5,Code,RTL,,
$80960F,Code,RTL,,
$80961D,Code,RTL,,
$809622,Code,RTL,,
$809625,Code,RTL,,
$80964E,Code,RTL,,
$809658,Code,RTL,,
$809663,Code,RTL,,
$809671,Code,RTL,,
$80969E,Code,RTL,,
$8096CB,Code,RTL,,
$8096F8,Code,RTL,,
$809725,Code,RTL,,
$80972B,Code,RTL,,
$80975C,Code,RTL,,
$809762,Code,RTL,,
$80976B,Code,RTL,,
$80977D,Code,RTL,,
$809784,Code,RTL,,
$8097D5,Code,RTL,,
$809852,Code,RTS,,
$809881,Code,RTS,,
$8098E4,Code,RTL,,
$8098F8,Code,RTL,,
$8098FD,Code,RTL,,
$809929,Code,RTL,,
$809934,Code,RTL,,
$809939,Code,RTL,,
$80993E,Code,RTL,,
$809941,Code,RTL,,
$8099B2,Code,RTL,,
$809A7F,Code,RTL,,
$809AC6,Code,RTS,,
$809AD5,Code,RTS,,
$809AEE,Code,RTS,,
$809B17,Code,RTL,,
$809B37,Code,RTS,,
$809B82,Code,RTS,,
$809BA9,Code,RTS,,
$809C52,Code,RTL,,
$809C64,Code,RTL,,
$809D1B,Code,RTS,,
$809D2F,Code,RTS,,
$809D4F,Code,RTL,,
$809D7D,Code,RTL,,
$809E0F,Code,RTL,,
$809E15,Code,RTL,,
$809E34,Code,RTL,,
$809EBF,Code,RTL,,
$80A057,Code,RTL,,
$80A185,Code,RTS,,
$80A3DA,Code,RTL,,
$80A494,Code,RTL,,
$80A49F,Code,RTS,,
$80A502,Code,RTL,,
$80A60E,Code,RTL,,
$80A621,Code,RTL,,
$80A634,Code,RTL,,
$80A64F,Code,RTL,,
$80A65B,Code,RTS,,
$80A66F,Code,RTS,,
$80A7AC,Code,RTS,,
$80A7C0,Code,RTS,,
$80A7D5,Code,RTS,,
$80A877,Code,RTL,,
$80A8AF,Code,RTL,,
$80A90E,Code,RTL,,
$80A929,Code,RTL,,
$80A939,Code,RTS,,
$80A951,Code,RTS,,
$80AB3B,Code,RTS,,
$80ABA6,Code,RTL,,
$80ABC1,Code,RTL,,
$80ABD1,Code,RTS,,
$80ABE9,Code,RTS,,
$80AD07,Code,RTS,,
$80AD41,Code,RTS,,
$80AD56,Code,RTL,,
$80AD9E,Code,RTS,,
$80ADB9,Code,RTS,,
$80ADC5,Code,RTS,,
$80AEA4,Code,RTS,,
$80AF42,Code,RTL,,
$80AF4A,Code,RTL,,
$80AF82,Code,RTS,,
$80B04D,Code,RTL,,
$80B05F,Code,RTL,,
$80B067,Code,RTL,,
$80B074,Code,RTL,,
$80B0A2,Code,RTL,,
$80B0BC,Code,RTL,,
$80BC52,Code,RTL,,
$80BC56,Code,RTL,,
$80BC8B,Code,RTL,,
$80BD07,Code,RTL,,
$80BD34,Code,RTL,,
$80BD51,Code,RTL,,
$80BD7E,Code,RTL,,
$80BE9F,Code,RTL,,
$80BEC7,Code,RTL,,
$80BED7,Code,RTL,,
$80BEE7,Code,RTL,,
$80BEFB,Code,RTL,,
$80BF08,Code,RTL,,
$80BF15,Code,RTL,,
$80BF22,Code,RTL,,
$80BF2F,Code,RTL,,
$80BF41,Code,RTL,,
$80BF4B,Code,RTL,,
$80BF7F,Code,RTL,,
$80BF9A,Code,RTL,,
$80C01E,Code,RTL,,
$80C1CC,Code,RTS,,
$80C1ED,Code,RTL,,
$80C213,Code,RTL,,
$80C216,Code,RTL,,
$80C222,Code,RTL,,
$80C225,Code,RTL,,
$80C239,Code,RTL,,
$80C256,Code,RTL,,
$80C268,Code,RTL,,
$80C26D,Code,RTL,,
$80C272,Code,RTL,,
$80C277,Code,RTL,,
$80C27C,Code,RTL,,
$80C27F,Code,RTL,,
$80C2B5,Code,RTL,,
$80C2BA,Code,RTL,,
$80C2BF,Code,RTL,,
$80C2C4,Code,RTL,,
$80C2C9,Code,RTL,,
$80C2CC,Code,RTL,,
$80C2DC,Code,RTL,,
$80C2E4,Code,RTL,,
$80C2F3,Code,RTL,,
$80C302,Code,RTL,,
$80C305,Code,RTL,,
$80C316,Code,RTL,,
$80C348,Code,RTL,,
$80C374,Code,RTL,,
$80C405,Code,RTS,,
$80C410,Code,RTS,,
$80C4C0,Code,RTS,,
$80C4DB,Code,RTS,,
$80C55C,Code,RTS,,
$80C567,Code,RTS,,
$80C642,Code,RTS,,
$80C6DF,Code,RTL,,
$80C731,Code,RTS,,
$80C74C,Code,RTL,,
$80C79F,Code,RTL,,
$80C7A7,Code,RTL,,
$80C873,Code,RTL,,
$80C876,Code,RTL,,
$80C885,Code,RTL,,
$80C964,Code,RTL,,
$80C99E,Code,RTL,,
$80CA1A,Code,RTL,,
$80CA5E,Code,RTL,,
$80CA7D,Code,RTL,,
$80CA8C,Code,RTL,,
$80CA94,Code,RTL,,
$80CAA4,Code,RTL,,
$80CADB,Code,RTL,,
$80CC03,Code,RTL,,
$80CC75,Code,RTL,,
$80CCA7,Code,RTL,,
$80CCF5,Code,RTL,,
$80CD03,Code,RTL,,
$80CE2C,Code,RTL,,
$80CE75,Code,RTL,,
$80CF06,Code,RTL,,
$80CF91,Code,RTS,,
$80CFFD,Code,RTL,,
$80D05B,Code,RTS,,
$80D074,Code,RTL,,
$80D1AC,Code,RTS,,
$80D306,Code,RTL,,
$80D30A,Code,RTL,,
$80D31B,Code,RTL,,
$80D4C9,Code,RTL,,
$80D50D,Code,RTL,,
$80D52D,Code,RTL,,
$80D53F,Code,RTL,,
$80D553,Code,RTL,,
$80D55E,Code,RTL,,
$80D56C,Code,RTS,,
$80D571,Code,RTL,,
$80D7A5,Code,RTL,,
$80D7D8,Code,RTS,,
$80D866,Code,RTS,,
$80D8E6,Code,RTS,,
$80D9D3,Code,RTL,,
$80DBC8,Code,RTS,,
$80DBF4,Code,RTS,,
$80DC20,Code,RTS,,
$80DC9D,Code,RTS,,
$80DCF3,Code,RTS,,
$80DDF3,Code,RTS,,
$80DDF7,Code,RTS,,
$80DDFB,Code,RTS,,
$80DE2A,Code,RTS,,
$80DE60,Code,RTS,,
$80DE8F,Code,RTS,,
$80DEC5,Code,RTS,,
$80DEDF,Code,RTS,,
$80DEFF,Code,RTS,,
$80DF1A,Code,RTL,,
$80E10F,Code,RTS,,
$80E156,Code,RTS,,
$80E1AC,Code,RTS,,
$80E3E5,Code,RTS,,
$80E415,Code,RTS,,
$80E443,Code,RTS,,
$80E45B,Code,RTS,,
$80E478,Code,RTS,,
$80E483,Code,RTS,,
$80E4BB,Code,RTL,,
$80E5BF,Code,RTL,,
$80E826,Code,RTS,,
$80E854,Code,RTS,,
$80E972,Code,RTS,,
$80E994,Code,RTL,,
$80E9D9,Code,RTL,,
$80E9E7,Code,RTL,,
$80E9EA,Code,RTL,,
$80EA5B,Code,RTL,,
$80EB63,Code,RTL,,
$80EB99,Code,RTL,,
$80EC00,Code,RTL,,
$80EC2B,Code,RTS,,
$80EC4D,Code,RTL,,
$80EC64,Code,RTL,,
$80EC8F,Code,RTS,,
$80ED5C,Code,RTL,,
$80EDD2,Code,RTL,,
$80EDFA,Code,RTS,,
$80EFBC,Code,RTS,,
$80EFDE,Code,RTS,,
$80F0C2,Code,RTS,,
$80F177,Code,RTS,,
$80F28A,Code,RTS,,
$80F35C,Code,RTS,,
$80F36B,Code,RTS,,
$80F379,Code,RTS,,
$80F387,Code,RTS,,
$80F395,Code,RTS,,
$80F3A3,Code,RTS,,
$80F3B1,Code,RTS,,
$80F403,Code,RTS,,
$80F444,Code,RTS,,
$80F485,Code,RTS,,
$80F4CE,Code,RTS,,
$80F4E7,Code,RTS,,
$80F580,Code,RTS,,
$80F5C9,Code,RTS,,
$80F5E5,Code,RTS,,
$80F601,Code,RTS,,
$80F632,Code,RTS,,
$80F642,Code,RTS,,
$80F64E,Code,RTS,,
$80F75C,Code,RTS,,
$80F7B0,Code,RTS,,
$80F804,Code,RTS,,
$80F82C,Code,RTS,,
$80F854,Code,RTS,,
$80F8A3,Code,RTS,,
$80F939,Code,RTS,,
$80F97C,Code,RTS,,
$80F998,Code,RTS,,
$80F9FD,Code,RTS,,
$80FA0F,Code,RTL,,
$80FA13,Code,RTS,,
$80FA1F,Code,RTS,,
$80FA39,Code,RTS,,
$80FACF,Code,RTS,,
$80FB10,Code,RTL,,
$80FB14,Code,RTS,,
$80FB29,Code,RTS,,
$80FB51,Code,RTL,,
$80FF90,Code,Never,RESET entrypoint,
$80FF97,Code,RTI,IRQ entrypoint,
$80FF9B,Code,RTI,NMI entrypoint,
$818000,?,?,,
$828000,Code,RTL,,
$82847E,Code,RTL,,
$8284D0,Code,RTL,,
$828500,Code,RTL,,
$828530,Code,RTL,,
$828543,Code,RTL,,
$828559,Code,RTL,,
$828572,Code,RTL,,
$828575,Code,RTL,,
$8285CE,Code,RTS,,
$8285F8,Code,RTL,,
$82860A,Code,RTS,,
$82865C,Code,RTS,,
$828686,Code,RTS,,
$8286D0,Code,RTS,,
$828784,Code,RTS,,
$8288AB,Code,RTS,,
$82895F,Code,RTL,,
$828987,Code,RTL,,
$8289A3,Code,RTL,,
$8289D9,Code,RTL,,
$8289ED,Code,RTS,,
$828AC3,Code,RTL,,
$828ACB,Code,RTL,,
$828AD9,Code,RTL,,
$828AEC,Code,RTL,,
$828B66,Code,RTS,,
$828B74,Code,RTL,,
$828B8B,Code,RTL,,
$828BAB,Code,RTL,,
$828BC2,Code,RTL,,
$828BD3,Code,RTL,,
$828C0D,Code,RTS,,
$828E79,Code,RTS,,
$828E91,Code,RTS,,
$828F47,Code,RTS,,
$828F6C,Code,RTS,,
$828F8E,Code,RTS,,
$82905E,Code,RTL,,
$8290B4,Code,RTL,,
$8290D0,Code,RTL,,
$829125,Code,RTL,,
$829219,Code,RTL,,
$829322,Code,RTL,,
$8293BF,Code,RTL,,
$82946D,Code,RTL,,
$829480,Code,RTL,,
$8294DE,Code,RTL,,
$829561,Code,RTL,,
$829595,Code,RTL,,
$8295B6,Code,RTL,,
$82960E,Code,RTL,,
$829642,Code,RTL,,
$829660,Code,RTL,,
$829698,Code,RTL,,
$8296D7,Code,RTS,,
$8296EA,Code,RTS,,
$829743,Code,RTS,,
$82977A,Code,RTS,,
$829914,Code,RTS,,
$829959,Code,RTS,,
$82995E,Code,RTS,,
$8299BB,Code,RTS,,
$8299DE,Code,RTS,,
$829A3D,Code,RTL,,
$829A7B,Code,RTL,,
$829B2D,Code,RTS,,
$829CCE,Code,RTS,,
$829CE6,Code,RTL,,
$829D9F,Code,RTS,,
$829E47,Code,RTL,,
$829F56,Code,RTS,,
$82A07C,Code,RTL,,
$82A0C1,Code,RTL,,
$82A187,Code,RTS,,
$82A23C,Code,RTS,,
$82A2C1,Code,RTS,,
$82A2D4,Code,RTS,,
$82A2E7,Code,RTS,,
$82A2EF,Code,RTS,,
$82A30C,Code,RTS,,
$82A31E,Code,RTS,,
$82A323,Code,RTS,,
$82A357,Code,RTS,,
$82A42D,Code,RTS,,
$82A559,Code,RTS,,
$82A6A2,Code,RTL,,
$82A725,Code,RTS,,
$82AB23,Code,RTL,,
$82ACF6,Code,RTS,,
$82AD09,Code,RTS,,
$82AD95,Code,RTS,,
$82AE8E,Code,RTL,,
$82AF05,Code,RTL,,
$82AF49,Code,RTL,,
$82AFB2,Code,RTS,,
$82B099,Code,RTL,,
$82B0E1,Code,RTL,,
$82B14B,Code,RTL,,
$82B31C,Code,RTL,,
$82B31F,Code,RTL,,
$82B42F,Code,RTL,,
$82B438,Code,RTL,,
$82B452,Code,RTL,,
$82B45B,Code,RTL,,
$82B622,Code,RTS,,
$82B770,Code,RTS,,
$82B7AB,Code,RTS,,
$82B7ED,Code,RTL,,
$82B808,Code,RTL,,
$82B81C,Code,RTL,,
$82B840,Code,RTL,,
$82B8A7,Code,RTL,,
$82B8B4,Code,RTL,,
$82B8D1,Code,RTL,,
$82B91D,Code,RTL,,
$82B931,Code,RTL,,
$82B940,Code,RTL,,
$82B985,Code,RTL,,
$82B994,Code,RTL,,
$82B9C3,Code,RTL,,
$82B9D6,Code,RTL,,
$82B9EC,Code,RTL,,
$82BA46,Code,RTS,,
$82BB70,Code,RTS,,
$82BB8D,Code,RTL,,
$82BBAC,Code,RTL,,
$82BBCB,Code,RTL,,
$82BC1B,Code,RTS,,
$82BC71,Code,RTS,,
$82BC8F,Code,RTS,,
$82BCC8,Code,RTL,,
$82BCF0,Code,RTS,,
$82BD49,Code,RTL,,
$82BD6A,Code,RTL,,
$82BD8B,Code,RTL,,
$82BDAC,Code,RTS,,
$82BDE5,Code,RTS,,
$82BE37,Code,RTS,,
$82BE73,Code,RTL,,
$82BE86,Code,RTL,,
$82BE90,Code,RTL,,
$82BEC6,Code,RTL,,
$82BED6,Code,RTL,,
$82BF55,Code,RTL,,
$82BFF4,Code,RTL,,
$82C09D,Code,RTL,,
$82C13A,Code,RTL,,
$82C1FE,Code,RTL,,
$82C270,Code,RTL,,
$82C27C,Code,RTL,,
$82C32F,Code,RTL,,
$82C3BD,Code,RTL,,
$82C3D1,Code,RTL,,
$82C3E8,Code,RTL,,
$82C51A,Code,RTS,,
$82C585,Code,RTL,,
$82C629,Code,RTL,,
$82C656,Code,RTL,,
$82C686,Code,RTL,,
$82C6AF,Code,RTL,,
$82C6DA,Code,RTL,,
$82C7D6,Code,RTL,,
$82C7E1,Code,RTL,,
$82C7EC,Code,RTS,,
$82C81E,Code,RTL,,
$82C828,Code,RTL,,
$82C82D,Code,RTL,,
$82C832,Code,RTL,,
$82C842,Code,RTL,,
$82C85D,Code,RTL,,
$82C861,Code,RTL,,
$82C87C,Code,RTL,,
$82C897,Code,RTL,,
$82C89B,Code,RTL,,
$82C8BC,Code,RTL,,
$82C8C0,Code,RTL,,
$82C8C4,Code,RTL,,
$82C8DF,Code,RTL,,
$82C8F0,Code,RTL,,
$82C8F3,Code,RTL,,
$82C913,Code,RTL,,
$82C936,Code,RTL,,
$82C945,Code,RTL,,
$82C94B,Code,RTL,,
$82C951,Code,RTL,,
$82C957,Code,RTL,,
$82C9A0,Code,RTL,,
$82C9A6,Code,RTL,,
$82C9EF,Code,RTL,,
$82CA38,Code,RTL,,
$82CA81,Code,RTL,,
$82CA8A,Code,RTL,,
$82CA8E,Code,RTL,,
$82CA97,Code,RTL,,
$82CA9D,Code,RTL,,
$82CAA5,Code,RTL,,
$82CAAE,Code,RTL,,
$82CAC7,Code,RTL,,
$82CACA,Code,RTL,,
$82CAD2,Code,RTL,,
$82CAD5,Code,RTL,,
$82CAD8,Code,RTL,,
$82CAE0,Code,RTL,,
$82CAE3,Code,RTL,,
$82CB09,Code,RTL,,
$82CB0C,Code,RTL,,
$82CB17,Code,RTL,,
$82CB1D,Code,RTL,,
$82CB4A,Code,RTL,,
$82CB77,Code,RTL,,
$82CBA4,Code,RTL,,
$82CBE2,Code,RTL,,
$82CC05,Code,RTL,,
$82CC3A,Code,RTL,,
$82CC68,Code,RTL,,
$82CC97,Code,RTL,,
$82CC9F,Code,RTL,,
$82CCB1,Code,RTL,,
$82CCCA,Code,RTL,,
$82CCD2,Code,RTL,,
$82CCEB,Code,RTL,,
$82CD05,Code,RTL,,
$82CD2F,Code,RTL,,
$82CD4C,Code,RTL,,
$82CD5F,Code,RTL,,
$82CD78,Code,RTL,,
$82CD80,Code,RTL,,
$82CD96,Code,RTL,,
$82CDCF,Code,RTL,,
$82CDF8,Code,RTL,,
$82CE21,Code,RTL,,
$82CE31,Code,RTL,,
$82CE46,Code,RTL,,
$82CE4B,Code,RTL,,
$82CE6C,Code,RTL,,
$82CE79,Code,RTL,,
$82CE8C,Code,RTL,,
$82CE94,Code,RTL,,
$82CEC6,Code,RTL,,
$82CF85,Code,RTS,,
$82CFBD,Code,RTL,,
$82CFC3,Code,RTL,,
$82CFC9,Code,RTL,,
$82CFCF,Code,RTL,,
$82CFD5,Code,RTL,,
$82CFDF,Code,RTL,,
$82CFE9,Code,RTL,,
$82CFF3,Code,RTL,,
$82CFFD,Code,RTL,,
$82D007,Code,RTL,,
$82D011,Code,RTL,,
$82D01A,Code,RTL,,
$82D023,Code,RTL,,
$82D02E,Code,RTL,,
$82D03F,Code,RTL,,
$82D063,Code,RTL,,
$82D067,Code,RTL,,
$82D0E8,Code,RTL,,
$82D136,Code,RTL,,
$82D181,Code,RTL,,
$82D19E,Code,RTL,,
$82D1BF,Code,RTL,,
$82D1CD,Code,RTL,,
$82D1DA,Code,RTL,,
$82D1E7,Code,RTL,,
$82D20D,Code,RTL,,
$82D210,Code,RTL,,
$82D219,Code,RTL,,
$82D257,Code,RTL,,
$82D272,Code,RTL,,
$82D2D7,Code,RTL,,
$82D304,Code,RTL,,
$82D314,Code,RTL,,
$82D331,Code,RTL,,
$82D338,Code,RTL,,
$82D348,Code,RTL,,
$82D413,Code,RTL,,
$82D49F,Code,RTL,,
$82D4CF,Code,RTL,,
$82D4FE,Code,RTL,,
$82D51F,Code,RTL,,
$82D565,Code,RTL,,
$82E1E3,Code,RTL,,
$82E225,Code,RTL,,
$82E74E,Code,RTS,,
$82EA3B,Code,RTL,,
$82EAAB,Code,RTL,,
$82EB85,Code,RTS,,
$82EE46,Code,RTL,,
$82F02D,Code,RTL,,
$82F0E2,Code,RTL,,
$82F119,Code,RTS,,
$82F130,Code,RTL,,
$82F45A,Code,RTS,,
$82F4D7,Code,RTS,,
$82F788,Code,RTS,,
$82F7DB,Code,RTS,,
$82F7EA,Code,RTS,,
$82F83E,Code,RTS,,
$82F86B,Code,RTS,,
$82FB17,Code,RTS,,
$82FCFF,Code,RTS,,
$82FE77,Code,RTL,,
$82FEA9,Code,RTL,,
$82FEE2,Code,RTS,,
$82FEFE,Code,RTS,,
$82FF3A,Code,RTS,,
$82FF44,Code,RTS,,
$82FF93,Code,RTS,,
$82FFA2,Code,RTS,,
$82FFBD,Code,RTS,,
$82FFC8,Code,RTS,,
$838000,Code,RTL,,
$838004,Code,RTL,,
$838051,Code,RTL,,
$8380D4,Code,RTS,,
$8380DC,Code,RTS,,
$8380F1,Code,RTS,,
$8380F8,Code,RTL,,
$83812D,Code,RTL,,
$8381A3,Code,RTL,,
$8381A6,Code,RTL,,
$838260,Code,RTL,,
$838265,Code,RTS,,
$8383AA,Code,RTL,,
$8383C1,Code,RTS,,
$8383CF,Code,RTS,,
$8384FB,Code,RTL,,
$83851A,Code,RTL,,
$838528,Code,RTL,,
$83852F,Code,RTL,,
$838555,Code,RTS,,
$838568,Code,RTS,,
$838576,Code,RTS,,
$83857F,Code,RTS,,
$838589,Code,RTL,,
$8385C4,Code,RTS,,
$8385C7,Code,RTS,,
$8385EA,Code,RTS,,
$838605,Code,RTS,,
$838621,Code,RTS,,
$8386CC,Code,RTS,,
$83878A,Code,RTS,,
$83879F,Code,RTS,,
$838839,Code,RTS,,
$838899,Code,RTS,,
$8388AB,Code,RTS,,
$8388C5,Code,RTS,,
$8388E4,Code,RTS,,
$83891C,Code,RTS,,
$838948,Code,RTS,,
$83897A,Code,RTS,,
$838A02,Code,RTS,,
$838A17,Code,RTS,,
$838A2C,Code,RTS,,
$838A86,Code,RTS,,
$838C6B,Code,RTS,,
$838EF4,Code,RTS,,
$838EFD,Code,RTL,,
$838F03,Code,RTS,,
$838F0F,Code,RTS,,
$838F1B,Code,RTS,,
$838F2D,Code,RTS,,
$838FAD,Code,RTS,,
$839270,Code,RTL,,
$83927F,Code,RTS,,
$8392A8,Code,RTS,,
$8392B2,Code,RTS,,
$8392BC,Code,RTS,,
$8392D8,Code,RTS,,
$83930B,Code,RTS,,
$839363,Code,RTS,,
$839365,Code,RTS,,
$8393A0,Code,RTS,,
$8393C5,Code,RTS,,
$8393F6,Code,RTS,,
$839428,Code,RTS,,
$839446,Code,RTS,,
$839448,Code,RTS,,
$839453,Code,RTS,,
$839477,Code,RTS,,
$8394AF,Code,RTS,,
$8394B3,Code,RTS,,
$8394F6,Code,RTS,,
$839517,Code,RTS,,
$839570,Code,RTS,,
$839572,Code,RTS,,
$839574,Code,RTS,,
$8396DF,Code,RTS,,
$8396E3,Code,RTS,,
$839798,Code,RTS,,
$839882,Code,RTS,,
$8399E3,Code,RTS,,
$839AF4,Code,RTS,,
$839AFD,Code,RTS,,
$839E23,Code,RTS,,
$839E27,Code,RTS,,
$839ECD,Code,RTS,,
$839ED2,Code,RTL,,
$839EDA,Code,RTS,,
$839EDF,Code,RTS,,
$839F03,Code,RTS,,
$839F49,Code,RTS,,
$839F54,Code,RTS,,
$839F5A,Code,RTS,,
$839FBC,Code,RTS,,
$839FDA,Code,RTS,,
$83A012,Code,RTS,,
$83A01F,Code,RTS,,
$83A043,Code,RTS,,
$83A092,Code,RTS,,
$83A097,Code,RTS,,
$83A09C,Code,RTS,,
$83A0A4,Code,RTS,,
$83A0D0,Code,RTS,,
$83A0E4,Code,RTS,,
$83A0F9,Code,RTS,,
$83A123,Code,RTS,,
$83A130,Code,RTS,,
$83A17D,Code,RTS,,
$83A1A3,Code,RTS,,
$83A1A8,Code,RTS,,
$83A1B0,Code,RTS,,
$83A1D1,Code,RTS,,
$83A1D6,Code,RTS,,
$83A1E7,Code,RTS,,
$83A1F2,Code,RTL,,
$83A23F,Code,RTL,,
$83A260,Code,RTS,,
$83A29D,Code,RTS,,
$83A2AA,Code,RTS,,
$83A2CE,Code,RTS,,
$83A2FD,Code,RTS,,
$83A30B,Code,RTS,,
$83A316,Code,RTS,,
$83A319,Code,RTS,,
$83A343,Code,RTS,,
$83A394,Code,RTS,,
$83A4AB,Code,RTS,,
$83A5E9,Code,RTS,,
$83A684,Code,RTS,,
$83A691,Code,RTS,,
$83A6AE,Code,RTS,,
$83A6B3,Code,RTS,,
$83A6C3,Code,RTS,,
$83A6C8,Code,RTS,,
$83A708,Code,RTS,,
$83A70E,Code,RTS,,
$83A737,Code,RTS,,
$83A768,Code,RTS,,
$83A9BD,Code,RTS,,
$83AA4F,Code,RTS,,
$83AB10,Code,RTS,,
$83AB2D,Code,RTL,,
$83ABB4,Code,RTS,,
$83ABD5,Code,RTS,,
$83AC0B,Code,RTS,,
$83AC47,Code,RTS,,
$83AC78,Code,RTL,,
$83AC94,Code,RTS,,
$83AD0A,Code,RTS,,
$83AD18,Code,RTS,,
$83AD1C,Code,RTS,,
$83AD7C,Code,RTS,,
$83ADFC,Code,RTS,,
$83AEE4,Code,RTS,,
$83B075,Code,RTS,,
$83B07F,Code,RTS,,
$83B094,Code,RTS,,
$83B0EE,Code,RTS,,
$83B114,Code,RTS,,
$83B16B,Code,RTS,,
$83B1B1,Code,RTS,,
$83B1B6,Code,RTS,,
$83B1D3,Code,RTS,,
$83B1D8,Code,RTL,,
$83B1E0,Code,RTL,,
$83B1E8,Code,RTS,,
$83B200,Code,RTS,,
$83B23D,Code,RTL,,
$83B27C,Code,RTL,,
$83B28B,Code,RTL,,
$83B330,Code,RTL,,
$83B367,Code,RTL,,
$83B38E,Code,RTL,,
$83B3BC,Code,RTL,,
$83B3C9,Code,RTL,,
$83B3D9,Code,RTL,,
$83B3E0,Code,RTL,,
$83B3F7,Code,RTS,,
$83B413,Code,RTL,,
$83B42D,Code,RTS,,
$83B449,Code,RTS,,
$83B477,Code,RTS,,
$83B4A5,Code,RTS,,
$83B4AD,Code,RTS,,
$83B51C,Code,RTS,,
$83B594,Code,RTS,,
$83B69A,Code,RTS,,
$83B6A0,Code,RTS,,
$83B819,Code,RTS,,
$83B82E,Code,RTS,,
$83B848,Code,RTS,,
$83B85E,Code,RTS,,
$83B8A4,Code,RTS,,
$83B8B8,Code,RTS,,
$83B8BD,Code,RTS,,
$83B911,Code,RTS,,
$83B924,Code,RTS,,
$83B970,Code,RTL,,
$83B9C9,Code,RTS,,
$83B9ED,Code,RTS,,
$83BAA7,Code,RTS,,
$83BBA7,Code,RTS,,
$83BBAB,Code,RTS,,
$83BC0D,Code,RTS,,
$83BCF2,Code,RTS,,
$83BEAE,Code,RTS,,
$83BEB4,Code,RTS,,
$83BF1D,Code,RTS,,
$83BF22,Code,RTL,,
$83BF2A,Code,RTS,,
$83BF73,Code,RTS,,
$83BFBF,Code,RTS,,
$83BFCD,Code,RTS,,
$83C03D,Code,RTS,,
$83C043,Code,RTS,,
$83C08C,Code,RTL,,
$83C0BD,Code,RTS,,
$83C22A,Code,RTS,,
$83C268,Code,RTS,,
$83C2C4,Code,RTS,,
$83C2ED,Code,RTS,,
$83C31F,Code,RTS,,
$83C349,Code,RTS,,
$83C3E4,Code,RTS,,
$83C4AD,Code,RTS,,
$83C566,Code,RTS,,
$83C56E,Code,RTS,,
$83C5CD,Code,RTS,,
$83C5D8,Code,RTS,,
$83C9F9,Code,RTS,,
$83CA04,Code,RTS,,
$83CA0D,Code,RTS,,
$83CA2A,Code,RTS,,
$83CA44,Code,RTS,,
$83CAAE,Code,RTS,,
$83CB78,Code,RTL,,
$83CBB6,Code,RTL,,
$83CBC9,Code,RTL,,
$83CC0F,Code,RTS,,
$83CC20,Code,RTS,,
$83CC44,Code,RTS,,
$83CCCC,Code,RTS,,
$83CCD9,Code,RTS,,
$83CD0F,Code,RTS,,
$83CD2D,Code,RTS,,
$83CD37,Code,RTS,,
$83CD56,Code,RTL,,
$83CD69,Code,RTL,,
$83CDA4,Code,RTL,,
$83CDD6,Code,RTL,,
$83CE07,Code,RTL,,
$83CE22,Code,RTL,,
$83CE53,Code,RTL,,
$83CE65,Code,RTL,,
$83CE8A,Code,RTL,,
$83CEAF,Code,RTL,,
$83CED4,Code,RTS,,
$83CF40,Code,RTS,,
$83CF4F,Code,RTS,,
$83CF5E,Code,RTS,,
$83CF76,Code,RTS,,
$83CF86,Code,RTL,,
$83CF92,Code,RTL,,
$83CFC8,Code,RTL,,
$83CFE4,Code,RTS,,
$83D0B7,Code,RTS,,
$83D165,Code,RTL,,
$83D186,Code,RTL,,
$83D1C9,Code,RTL,,
$83D1D6,Code,RTL,,
$83D1E5,Code,RTL,,
$83D1EA,Code,RTL,,
$83D212,Code,RTL,,
$83D22E,Code,RTL,,
$83D23E,Code,RTL,,
$83D24E,Code,RTL,,
$83D25D,Code,RTL,,
$83D271,Code,RTL,,
$83D284,Code,RTL,,
$83D2AA,Code,RTL,,
$83D2CA,Code,RTL,,
$83D2E8,Code,RTL,,
$83D301,Code,RTL,,
$83D314,Code,RTL,,
$83D32B,Code,RTL,,
$83D342,Code,RTL,,
$83D359,Code,RTL,,
$83D370,Code,RTL,,
$83D387,Code,RTL,,
$83D3B8,Code,RTL,,
$83D3CA,Code,RTL,,
$83D44B,Code,RTL,,
$83D46C,Code,RTL,,
$83D496,Code,RTL,,
$83D4E2,Code,RTL,,
$83D4FB,Code,RTL,,
$83D560,Code,RTS,,
$83D56D,Code,RTL,,
$83D57E,Code,RTL,,
$83D5DE,Code,RTL,,
$83D626,Code,RTL,,
$83D88D,Code,RTL,,
$83D8AE,Code,RTS,,
$83DA83,Code,RTS,,
$83DB41,Code,RTL,,
$83DBCF,Code,RTS,,
$83DC10,Code,RTL,,
$83DC53,Code,RTS,,
$83DC59,Code,RTS,,
$83DCA8,Code,RTL,,
$83DF2B,Code,RTS,,
$83E067,Code,RTS,,
$83E183,Code,RTS,,
$83E1A9,Code,RTS,,
$83E1B6,Code,RTS,,
$83E34F,Code,RTS,,
$83E358,Code,RTS,,
$83E4B7,Code,RTS,,
$83E4D5,Code,RTS,,
$83E8CA,Code,RTS,,
$83E909,Code,RTS,,
$83E949,Code,RTS,,
$83E98A,Code,RTS,,
$83E9CD,Code,RTS,,
$83E9DF,Code,RTS,,
$83EA10,Code,RTS,,
$83EA17,Code,RTS,,
$83EA1E,Code,RTS,,
$83EC11,Code,RTS,,
$83EC1A,Code,RTS,,
$83EF0B,Code,RTL,,
$83EFAB,Code,RTL,,
$83F036,Code,RTS,,
$83F038,Code,RTS,,
$83F070,Code,RTL,,
$83F09F,Code,RTL,,
$83F111,Code,RTL,,
$83F144,Code,RTL,,
$83F191,Code,RTS,,
$83F1F9,Code,RTS,,
$83F231,Code,RTS,,
$83F267,Code,RTS,,
$83F281,Code,RTL,,
$83F31D,Code,RTL,,
$83F3C8,Code,RTL,,
$83F44A,Code,RTL,,
$83F4F2,Code,RTL,,
$83F566,Code,RTL,,
$83F5FC,Code,RTS,,
$83F634,Code,RTS,,
$83F66B,Code,RTL,,
$83F736,Code,RTS,,
$83F758,Code,RTL,,
$83F804,Code,RTS,,
$83F82B,Code,RTL,,
$83F855,Code,RTL,,
$83F88D,Code,RTL,,
$83F8CF,Code,RTL,,
$83F9AD,Code,RTS,,
$83FA13,Code,RTL,,
$83FB0B,Code,RTS,,
$83FB19,Code,RTL,,
$83FD72,Code,RTL,,
$83FD79,Code,RTL,,
$83FD80,Code,RTL,,
$83FE56,Code,RTL,,
$848000,Code,RTL,,
$84801F,Code,RTL,,
$848028,Code,RTL,,
$8481F8,Code,RTS,,
$848209,Code,RTL,,
$848210,Code,RTS,,
$848230,Code,RTL,,
$84827B,Code,RTL,,
$8482D4,Code,RTL,,
$8482D5,Code,RTL,,
$8482E4,Code,RTL,,
$848311,Code,RTL,,
$84836B,Code,RTL,,
$848398,Code,RTL,,
$8483B4,Code,RTL,,
$8483B9,Code,RTL,,
$848519,Code,RTL,,
$84861A,Code,RTL,,
$848624,Code,RTL,,
$848629,Code,RTL,,
$848655,Code,RTL,,
$848686,Code,RTS,,
$84876A,Code,RTS,,
$8489B4,Code,RTS,,
$848A46,Code,RTS,,
$848B6C,Code,RTL,,
$8497F3,Code,RTL,,
$849A25,Code,RTS,,
$849A42,Code,RTS,,
$849A5E,Code,RTS,,
$849A82,Code,RTL,,
$849E40,Code,RTS,,
$849E69,Code,RTS,,
$849E9F,Code,RTS,,
$849EC6,Code,RTS,,
$849F9A,Code,RTS,,
$849FC3,Code,RTS,,
$849FE6,Code,RTS,,
$849FFD,Code,RTS,,
$84A059,Code,RTS,,
$84A08B,Code,RTS,,
$84A0CD,Code,RTS,,
$84A11F,Code,RTS,,
$84A135,Code,RTS,,
$84A199,Code,RTS,,
$84A1B0,Code,RTS,,
$84A1D8,Code,RTL,,
$84A1E6,Code,RTL,,
$84A1ED,Code,RTL,,
$84A2E9,Code,RTL,,
$84A453,Code,RTS,,
$84A4BE,Code,RTS,,
$84A4D7,Code,RTS,,
$84A4EC,Code,RTS,,
$84A575,Code,RTL,,
$84A579,Code,RTS,,
$84A5B0,Code,RTL,,
$84A5B4,Code,RTS,,
$84A662,Code,RTS,,
$84A67B,Code,RTS,,
$84A69A,Code,RTL,,
$84A69E,Code,RTS,,
$84A707,Code,RTS,,
$84A761,Code,RTS,,
$84A7DE,Code,RTS,,
$84A7EF,Code,RTS,,
$84A81D,Code,RTS,,
$84A855,Code,RTS,,
$84BAB6,Code,RTL,,
$84BACC,Code,RTL,,
$84BAE2,Code,RTL,,
$84BB14,Code,RTL,,
$84BB25,Code,RTS,,
$84BB7B,Code,RTS,,
$84BB83,Code,RTL,,
$84BBA3,Code,RTS,,
$84BBA3,Code,RTS,,
$84BBA3,Code,RTS,,
$84BBB0,Code,RTL,Transfer data blocks to the SPC from a ROM table,
$84BC83,Code,RTS,,
$84BCBA,Code,RTS,,
$84BD41,Code,RTS,,
$84BD78,Code,RTS,,
$84BDB5,Code,RTL,Decompress a block into WRAM buffer,
$84BDDF,Code,RTS,"Initialize decompression state (window, pointers, etc.)",
$84BDF8,Code,RTS,,
$84BDFA,Code,RTS,,
$84BE42,Code,RTL,,
$84BE74,Code,RTS,,
$84BE82,Code,RTS,,
$84BE8D,Code,RTS,,
$84BE9B,Code,RTS,,
$84BEA1,Code,RTS,,
$84BFF4,Code,RTL,,
$84C0ED,Code,RTS,,
$84C101,Code,RTS,,
$84C19A,Code,RTS,,
$84C1A4,Code,RTS,,
$84C1AD,Code,RTS,,
$84C1B2,Code,RTS,,
$84C1D0,Code,RTS,,
$84C1EB,Code,RTS,,
$84C201,Code,RTS,,
$84C211,Code,RTS,,
$84C231,Code,RTL,Perform decompression,
$84C26F,Code,RTS,Read next decompression opcode,
$84C365,Code,RTS,,
$84C386,Code,RTS,,
$84C390,Code,RTS,,
$84C3FC,Code,RTS,,
$84C466,Code,RTS,,
$84C4F3,Code,RTS,,
$84C523,Code,RTL,handle_sound,
$84C579,Code,RTL,,
$84C591,Code,RTL,,
$84C594,Code,RTL,push_sound_queue,
$84C5BB,Code,RTL,,
$84C5C9,Code,RTL,,
$84C604,Code,RTL,,
$84C64E,Code,RTL,,
$84C6D5,Code,RTL,,
$84C71C,Code,RTS,,
$84C769,Code,RTS,,
$84C7A3,Code,RTS,,
$84C7DD,Code,RTL,,
$84C82A,Code,RTS,,
$84C880,Code,RTS,,
$84C980,Code,RTS,Decompress and send block to APU,
$84C9AF,Code,RTS,write_apuio0_sync_dp,
$84C9B1,Code,RTS,write_apuio0_sync,
$84C9BA,Code,RTS,write_0xcc_to_apuio1_sync,
$84C9BC,Code,RTS,write_apuio1_sync,
$84CA11,Code,RTL,,
$84CA26,Code,RTL,,
$84CA95,Code,RTL,,
$84CB38,Code,RTL,,
$84CBE7,Code,RTL,,
$84CC6D,Code,RTL,,
$84CC9B,Code,RTL,,
$84CCF3,Code,RTL,,
$84CD20,Code,RTL,,
$84CDB7,Code,RTS,,
$84CE30,Code,RTL,,
$84CEE7,Code,RTL,,
$84CF24,Code,RTL,,
$84CF9D,Code,RTL,,
$84CFF0,Code,RTL,,
$84CFFA,Code,RTL,,
$84D00C,Code,RTL,,
$84D1C9,Code,RTL,,
$84D2C2,Code,RTL,,
$84D2CC,Code,RTL,,
$84D2D0,Code,RTS,,
$84D2E8,Code,RTL,,
$84D345,Code,RTS,,
$84D35D,Code,RTL,,
$84D360,Code,RTL,,
$84D363,Code,RTL,,
$84D3B0,Code,RTL,,
$84D3BA,Code,RTL,,
$84D3C4,Code,RTL,,
$84D3CE,Code,RTL,,
$84D3DB,Code,RTL,,
$84D3EB,Code,RTL,,
$84D40B,Code,RTL,,
$84D41F,Code,RTL,,
$84D45B,Code,RTL,,
$84D480,Code,RTL,,
$84D4B4,Code,RTL,,
$84D4B6,Code,RTL,,
$84D522,Code,RTL,,
$84D56C,Code,RTL,,
$84D5C0,Code,RTL,,
$84D5CC,Code,RTL,,
$84D5CE,Code,RTL,,
$84D5D3,Code,RTL,,
$84D5DC,Code,RTL,,
$84D5FB,Code,RTL,,
$84D607,Code,RTL,,
$84D610,Code,RTL,,
$84D619,Code,RTL,,
$84D62B,Code,RTL,,
$84D791,Code,RTS,,
$84D7A1,Code,RTL,,
$84D7AD,Code,RTL,,
$84D7AF,Code,RTL,,
$84D7E9,Code,RTL,,
$84D7FB,Code,RTL,,
$84DA7E,Code,RTS,,
$84DA8E,Code,RTL,,
$84DA9A,Code,RTL,,
$84DA9C,Code,RTL,,
$84DAA6,Code,RTL,,
$84DB0C,Code,RTL,,
$84DB6D,Code,RTL,,
$84DB7F,Code,RTL,,
$84DD2A,Code,RTL,,
$84DD36,Code,RTL,,
$84DD38,Code,RTL,,
$84DD9A,Code,RTL,,
$84DDED,Code,RTL,,
$84DF06,Code,RTS,,
$84DF08,Code,RTS,,
$84DF25,Code,RTS,,
$84E213,Code,RTL,,
$84E224,Code,RTL,,
$84E23B,Code,RTS,,
$84E24E,Code,RTS,,
$84E6AF,Code,RTS,,
$84E8EB,Code,RTS,,
$84E993,Code,RTL,,
$84EA66,Code,RTL,,
$84ECB2,Code,RTL,,
$84ECC0,Code,RTL,,
$84F1BE,Code,RTL,,
$84F1C1,Code,RTL,,
$84F1D5,Code,RTL,,
$84F1E8,Code,RTL,,
$84F206,Code,RTL,,
$84F20D,Code,RTL,,
$84F21B,Code,RTL,,
$84F230,Code,RTL,,
$84F25A,Code,RTL,,
$84F26F,Code,RTL,,
$858000,Code,RTL,,
$8580C3,Code,RTS,,
$8580EB,Code,RTL,,
$8580EE,Code,RTL,,
$8580F7,Code,RTL,,
$858166,Code,RTL,,
$85817B,Code,RTL,,
$858199,Code,RTL,,
$858213,Code,RTL,,
$85824D,Code,RTL,,
$858252,Code,RTL,,
$858256,Code,RTL,,
$858259,Code,RTL,,
$85830E,Code,RTS,,
$858451,Code,RTS,,
$858460,Code,RTS,,
$858470,Code,RTS,,
$8584C0,Code,RTS,,
$8584E1,Code,RTL,,
$858581,Code,RTS,,
$85858F,Code,RTL,,
$85859C,Code,RTL,,
$8585D2,Code,RTS,,
$8585EF,Code,RTS,,
$858604,Code,RTS,,
$85863D,Code,RTS,,
$858733,Code,RTS,,
$85874C,Code,RTS,,
$85884C,Code,RTS,,
$85884E,Code,RTS,,
$85885D,Code,RTS,,
$858904,Code,RTS,,
$858923,Code,RTS,,
$858985,Code,RTS,,
$8589A9,Code,RTS,,
$8589E7,Code,RTL,,
$858A24,Code,RTL,,
$858A42,Code,RTL,,
$858A65,Code,RTL,,
$858A98,Code,RTL,,
$858AF1,Code,RTL,,
$858B01,Code,RTL,,
$858B18,Code,RTL,,
$858B3B,Code,RTL,,
$858B4E,Code,RTL,,
$858B64,Code,RTL,,
$858B70,Code,RTL,,
$858BB9,Code,RTL,,
$858BFC,Code,RTL,,
$858C03,Code,RTS,,
$858C48,Code,RTL,,
$858C52,Code,RTS,,
$858C63,Code,RTS,,
$858C78,Code,RTS,,
$858C96,Code,RTL,,
$858D18,Code,RTS,,
$858D2C,Code,RTS,,
$858DD9,Code,RTS,,
$858DED,Code,RTS,,
$858F4D,Code,RTS,,
$858FF0,Code,RTS,,
$858FF3,Code,RTS,,
$858FFC,Code,RTS,,
$859007,Code,RTL,,
$859073,Code,RTL,,
$859086,Code,RTL,,
$8590A4,Code,RTL,,
$8590F7,Code,RTL,,
$859133,Code,RTL,,
$85915F,Code,RTL,,
$859FAC,Code,RTL,,
$85A098,Code,RTS,,
$85A249,Code,RTS,,
$85A265,Code,RTL,,
$85A33F,Code,RTL,,
$85A348,Code,RTL,,
$85A37F,Code,RTL,,
$85A450,Code,RTS,,
$85A4BD,Code,RTL,,
$85A589,Code,RTL,,
$85A5A7,Code,RTL,,
$85A5C4,Code,RTL,,
$85A5CA,Code,RTL,,
$85A5D0,Code,RTL,,
$85A5F2,Code,RTL,,
$85A603,Code,RTL,,
$85A607,Code,RTL,,
$85A60F,Code,RTL,,
$85A61D,Code,RTL,,
$85A62E,Code,RTL,,
$85A63A,Code,RTL,,
$85A646,Code,RTL,,
$85A66C,Code,RTL,,
$85A671,Code,RTL,,
$85A695,Code,RTL,,
$85A6AC,Code,RTL,,
$85A6B4,Code,RTL,,
$85A711,Code,RTL,,
$85A71F,Code,RTL,,
$85A845,Code,RTL,,
$85A84D,Code,RTL,,
$85A893,Code,RTL,,
$85A89B,Code,RTL,,
$85A8C3,Code,RTL,,
$85A8CE,Code,RTL,,
$85A8D6,Code,RTL,,
$85A8DE,Code,RTL,,
$85A8E6,Code,RTL,,
$85A8F4,Code,RTL,,
$85A927,Code,RTL,,
$85A939,Code,RTL,,
$85A940,Code,RTL,,
$85A958,Code,RTL,,
$85A986,Code,RTL,,
$85A989,Code,RTL,,
$85A9A7,Code,RTL,,
$85A9AF,Code,RTL,,
$85A9B7,Code,RTL,,
$85A9BF,Code,RTL,,
$85A9C7,Code,RTL,,
$85A9D1,Code,RTL,,
$85A9DB,Code,RTL,,
$85A9E5,Code,RTL,,
$85A9EF,Code,RTL,,
$85A9F7,Code,RTL,,
$85A9FF,Code,RTL,,
$85AA07,Code,RTL,,
$85AA0F,Code,RTL,,
$85AAA5,Code,RTL,,
$85AAB6,Code,RTL,,
$85AAC6,Code,RTL,,
$85AAD6,Code,RTL,,
$85AAE9,Code,RTL,,
$85AAFC,Code,RTL,,
$85AB0B,Code,RTL,,
$85AB1D,Code,RTL,,
$85AB2B,Code,RTL,,
$85AB39,Code,RTL,,
$85AB40,Code,RTL,,
$85AB47,Code,RTL,,
$85AB99,Code,RTL,,
$85ABAD,Code,RTL,,
$85ABBB,Code,RTL,,
$85ABC2,Code,RTL,,
$85ABD5,Code,RTL,,
$85ABE7,Code,RTL,,
$85ABF5,Code,RTL,,
$85AC07,Code,RTL,,
$85AC15,Code,RTL,,
$85AC28,Code,RTL,,
$85AC3A,Code,RTL,,
$85AC48,Code,RTL,,
$85AC4F,Code,RTL,,
$85AC74,Code,RTL,,
$85AC7C,Code,RTL,,
$85AC8E,Code,RTL,,
$85AC9C,Code,RTL,,
$85ACA9,Code,RTL,,
$85AD23,Code,RTL,,
$85AD36,Code,RTL,,
$85AD48,Code,RTL,,
$85AD50,Code,RTL,,
$85AD62,Code,RTL,,
$85AD8B,Code,RTL,,
$85ADED,Code,RTL,,
$85AE1F,Code,RTL,,
$85AEE0,Code,RTL,,
$85AF49,Code,RTL,,
$85AFA9,Code,RTL,,
$85AFDF,Code,RTL,,
$85B00E,Code,RTL,,
$85B016,Code,RTL,,
$85B01E,Code,RTL,,
$85B02A,Code,RTL,,
$85B047,Code,RTL,,
$85B056,Code,RTL,,
$85B065,Code,RTL,,
$85B0C9,Code,RTL,,
$85B0D3,Code,RTL,,
$85B0DA,Code,RTL,,
$85B1C4,Code,RTL,,
$85B20C,Code,RTL,,
$85B216,Code,RTL,,
$85B225,Code,RTL,,
$85B24B,Code,RTL,,
$85B273,Code,RTL,,
$85B27E,Code,RTL,,
$85B28B,Code,RTL,,
$85B291,Code,RTL,,
$85B2B2,Code,RTL,,
$85B2BE,Code,RTL,,
$85B2EC,Code,RTL,,
$85B31E,Code,RTL,,
$85B33C,Code,RTL,,
$85B373,Code,RTL,,
$85B3A9,Code,RTL,,
$85B3C0,Code,RTL,,
$85B3DA,Code,RTL,,
$85B3F7,Code,RTL,,
$85B407,Code,RTL,,
$85B430,Code,RTL,,
$85B45C,Code,RTL,,
$85B46F,Code,RTL,,
$85B482,Code,RTL,,
$85B4B4,Code,RTL,,
$85B4E0,Code,RTL,,
$85B50F,Code,RTL,,
$85B51A,Code,RTL,,
$85B528,Code,RTL,,
$85B536,Code,RTL,,
$85B544,Code,RTL,,
$85B67E,Code,RTL,,
$85B6F7,Code,RTL,,
$85BAA5,Code,RTL,,
$85C18C,Code,RTS,,
$85C1BE,Code,RTS,,
$85CEEF,Code,RTL,,
$85CF3C,Code,RTL,,
$85D761,Code,RTL,,
$85DEA6,Code,RTS,,
$85E05F,Code,RTL,,
$85E07F,Code,RTS,,
$85E13C,Code,RTL,,
$85E540,Code,RTS,,
$85E5A6,Code,RTS,,
$85E5F8,Code,RTS,,
$85E68C,Code,RTS,,
$85E719,Code,RTS,,
$85ED51,Code,RTL,,
$85EDFB,Code,RTL,,
$85EEA2,Code,RTS,,
$85EF47,Code,RTS,,
$85F04A,Code,RTS,,
$85F124,Code,RTL,,
$85F30A,Code,RTL,,
$85F386,Code,RTL,,
$85F614,Code,RTL,,
$85F741,Code,RTL,,
$85F776,Code,RTS,,
$85F7C9,Code,RTL,,
$85F826,Code,RTS,,
$85F885,Code,RTL,,
$85F8A1,Code,RTL,,
$85F8D7,Code,RTS,,
$85F9C1,Code,RTL,,
$85F9CA,Code,RTL,,
$85F9E6,Code,RTL,,
$85FA02,Code,RTL,,
$85FB04,Code,RTS,,
$85FB55,Code,RTS,,
$85FDDA,Code,RTL,,
$85FDF6,Code,RTL,,
$85FE3A,Code,RTS,,
$868000,Code,RTL,NOP,
$868001,Code,RTL,NOP,
$868002,Code,RTS,,
$868012,Code,RTS,,
$868025,Code,RTL,,
$868040,Code,RTL,,
$86805E,Code,RTL,,
$86807C,Code,RTL,,
$8680A4,Code,RTL,,
$8680B6,Code,RTL,,
$8680E5,Code,RTL,,
$868113,Code,RTL,,
$868123,Code,RTL,,
$86816E,Code,RTL,,
$86818A,Code,RTL,,
$8681C2,Code,RTL,,
$8681FD,Code,RTL,,
$8682B6,Code,RTL,,
$86830F,Code,RTL,,
$86831F,Code,RTL,,
$8684D7,Code,RTL,,
$868517,Code,RTS,,
$86852E,Code,RTS,,
$8685DF,Code,RTL,,
$86864E,Code,RTL,,
$86876B,Code,RTS,,
$8687C1,Code,RTL,,
$868921,Code,RTL,,
$86895C,Code,RTS,,
$868B2B,Code,RTS,,
$868B94,Code,RTL,,
$868C38,Code,RTS,,
$868C3F,Code,RTS,,
$868CA4,Code,RTS,,
$868CC8,Code,RTS,,
$868D0B,Code,RTS,,
$868D1C,Code,RTS,,
$868D23,Code,RTS,,
$868D64,Code,RTS,,
$868DED,Code,RTS,,
$868E02,Code,RTS,,
$868E2B,Code,RTL,,
$868EF7,Code,RTL,,
$868FAE,Code,RTL,,
$868FDF,Code,RTL,,
$869128,Code,RTL,,
$869133,Code,RTS,,
$869211,Code,RTS,,
$869240,Code,RTS,,
$869397,Code,RTL,,
$8693BC,Code,RTL,,
$869410,Code,RTS,,
$86941B,Code,RTL,,
$869452,Code,RTS,,
$869497,Code,RTS,,
$869550,Code,RTL,,
$86957C,Code,RTL,,
$86958B,Code,RTL,,
$8695B7,Code,RTL,,
$8695CE,Code,RTL,,
$8695D1,Code,RTL,,
$8695EE,Code,RTL,,
$8695FD,Code,RTL,,
$869607,Code,RTL,,
$869629,Code,RTL,,
$86963D,Code,RTL,,
$869669,Code,RTL,,
$8696A4,Code,RTL,,
$8696FC,Code,RTL,,
$869703,Code,RTL,,
$869713,Code,RTS,,
$869724,Code,RTL,,
$86972B,Code,RTL,,
$86973B,Code,RTL,,
$869742,Code,RTL,,
$869760,Code,RTS,,
$869778,Code,RTS,,
$86978D,Code,RTL,,
$86979A,Code,RTL,,
$8697D0,Code,RTS,,
$8697FC,Code,RTS,,
$869806,Code,RTS,,
$869881,Code,RTL,,
$8699B9,Code,RTL,,
$869A2A,Code,RTS,,
$869A52,Code,RTL,,
$869BDD,Code,RTL,,
$869D1B,Code,RTL,,
$86A046,Code,RTL,,
$86A095,Code,RTL,,
$86A09C,Code,RTL,,
$86A0ED,Code,RTS,,
$86A12B,Code,RTL,,
$86A162,Code,RTL,,
$86A1C7,Code,RTL,,
$86A20E,Code,RTS,,
$86A253,Code,RTL,,
$86A269,Code,RTL,,
$86A273,Code,RTL,,
$86A38C,Code,RTS,,
$86A3C5,Code,RTS,,
$86A44B,Code,RTL,,
$86A466,Code,RTL,,
$86A4DB,Code,RTL,,
$86A563,Code,RTL,,
$86A58E,Code,RTL,,
$86A59B,Code,RTL,,
$86A59D,Code,RTL,,
$86A5AA,Code,RTL,,
$86A65C,Code,RTL,,
$86A91D,Code,RTL,,
$86A92B,Code,RTL,,
$86A9C1,Code,RTL,,
$86A9D1,Code,RTS,,
$86A9F9,Code,RTL,,
$86AAB3,Code,RTS,,
$86AAC0,Code,RTL,,
$86AAD9,Code,RTS,,
$86AE1D,Code,RTL,,
$86B12E,Code,RTL,,
$86B214,Code,RTL,,
$86B272,Code,RTL,,
$86B29C,Code,RTL,,
$86B2FD,Code,RTL,,
$86B71E,Code,RTL,,
$86B8B7,Code,RTL,,
$86B8BD,Code,RTL,,
$86B94E,Code,RTL,,
$86BAF0,Code,RTL,,
$86BB64,Code,RTL,,
$86BB8C,Code,RTL,,
$86BCD0,Code,RTL,,
$86BD6F,Code,RTL,,
$86C1B0,Code,RTL,,
$86C1D7,Code,RTL,,
$86C1EA,Code,RTS,,
$86C215,Code,RTL,,
$86C21D,Code,RTL,,
$86C225,Code,RTL,,
$86C239,Code,RTL,,
$86C24F,Code,RTL,,
$86C26A,Code,RTL,,
$86C27C,Code,RTL,,
$86C287,Code,RTL,,
$86C292,Code,RTL,,
$86C29D,Code,RTL,,
$86C2E6,Code,RTL,,
$86C2F0,Code,RTS,,
$86C306,Code,RTS,,
$86C319,Code,RTL,,
$86C324,Code,RTL,,
$86C34B,Code,RTL,,
$86C36A,Code,RTL,,
$86C393,Code,RTL,,
$86C3A3,Code,RTL,,
$86C3B0,Code,RTL,,
$86C3BB,Code,RTL,,
$86C3C9,Code,RTL,,
$86C3EE,Code,RTL,,
$86C3F8,Code,RTL,,
$86C407,Code,RTL,,
$86C412,Code,RTL,,
$86C41D,Code,RTL,,
$86C424,Code,RTL,,
$86C42B,Code,RTL,,
$86C432,Code,RTL,,
$86C444,Code,RTL,,
$86C47E,Code,RTL,,
$86C486,Code,RTL,,
$86C489,Code,RTL,,
$86C4A5,Code,RTL,,
$86C4E1,Code,RTL,,
$86C4F1,Code,RTL,,
$86C503,Code,RTL,,
$86C514,Code,RTL,,
$86C526,Code,RTL,,
$86C53B,Code,RTL,,
$86C55C,Code,RTL,,
$86C566,Code,RTL,,
$86C573,Code,RTL,,
$86C57D,Code,RTL,,
$86C582,Code,RTL,,
$86C587,Code,RTL,,
$86C58C,Code,RTL,,
$86C591,Code,RTL,,
$86C596,Code,RTL,,
$86C5AE,Code,RTL,,
$86C63A,Code,RTL,,
$86C63F,Code,RTL,,
$86C668,Code,RTL,,
$86C68A,Code,RTL,,
$86C6A9,Code,RTL,,
$86C70D,Code,RTL,,
$86C71F,Code,RTL,,
$86C759,Code,RTL,,
$86C7A5,Code,RTL,,
$86C7AD,Code,RTL,,
$86C7C4,Code,RTL,,
$86C7D4,Code,RTL,,
$86C7DF,Code,RTL,,
$86C7E7,Code,RTL,,
$86C827,Code,RTL,,
$86C82F,Code,RTL,,
$86C831,Code,RTL,,
$86C849,Code,RTL,,
$86C84F,Code,RTL,,
$86C855,Code,RTL,,
$86C859,Code,RTL,,
$86C85B,Code,RTL,,
$86C870,Code,RTL,,
$86C872,Code,RTL,,
$86C887,Code,RTL,,
$86C899,Code,RTL,,
$86C89E,Code,RTL,,
$86C8AD,Code,RTL,,
$86C908,Code,RTL,,
$86C92B,Code,RTL,,
$86C93C,Code,RTL,,
$86C94D,Code,RTL,,
$86C96E,Code,RTL,,
$86C97C,Code,RTL,,
$86C97F,Code,RTL,,
$86C9A4,Code,RTL,,
$86C9A7,Code,RTL,,
$86C9B6,Code,RTL,,
$86C9C2,Code,RTL,,
$86C9C5,Code,RTL,,
$86C9D4,Code,RTL,,
$86C9DA,Code,RTL,,
$86C9E0,Code,RTL,,
$86CA09,Code,RTL,,
$86CA2D,Code,RTL,,
$86CA36,Code,RTL,,
$86CA57,Code,RTL,,
$86CA7E,Code,RTL,,
$86CA87,Code,RTL,,
$86CADB,Code,RTL,,
$86CAE6,Code,RTL,,
$86CAEE,Code,RTL,,
$86CB11,Code,RTL,,
$86CB2D,Code,RTL,,
$86CB50,Code,RTL,,
$86CB5D,Code,RTL,,
$86CB6A,Code,RTL,,
$86CB71,Code,RTL,,
$86CB7A,Code,RTL,,
$86CB83,Code,RTL,,
$86E311,Code,RTL,,
$86E8C1,Code,RTL,,
$86F188,Code,RTL,,
$86F209,Code,RTL,,
$86F57F,Code,RTL,,
$86F588,Code,RTL,,
$86F5CA,Code,RTL,,
$86F761,Code,RTS,,
$86F881,Code,RTL,,
$86F8C3,Code,RTL,,
$86F912,Code,RTS,,
$86F916,Code,RTS,,
$86F926,Code,RTL,,
$86F95D,Code,RTS,,
$86FAFB,Code,RTS,,
$86FBB6,Code,RTS,,
$86FC21,Code,RTS,,
$86FCE9,Code,RTS,,
$86FD19,Code,RTS,,
$86FDE0,Code,RTS,,
$86FDE9,Code,RTS,,
$86FE69,Code,RTS,,
$86FF64,Code,RTS,,
$86FF75,Code,RTS,,
$86FF7D,Code,RTS,,
$86FF80,Code,RTS,,
$86FFA1,Code,RTS,,
$878000,?,?,,
$87E01A,Code,RTS,,
$87E098,Code,RTS,,
$87E281,Code,RTL,,
$87E2F6,Code,RTL,,
$87E315,Code,RTL,,
$87E3B2,Code,RTL,,
$87E3B7,Code,RTL,,
$87E3F3,Code,RTL,,
$87E413,Code,RTL,,
$888000,?,?,,
$88F5B7,Code,RTS,,
$88F663,Code,RTL,,
$88F7D5,Code,RTL,,
$88F9B5,Code,RTS,,
$88FABE,Code,RTS,,
$88FAE0,Code,RTL,,
$88FBA9,Code,RTL,,
$88FCA7,Code,RTL,,
$88FD1F,Code,RTL,,
$88FDB2,Code,RTL,,
$88FEF5,Code,RTS,,
$88FF55,Code,RTS,,
$88FFBE,Code,RTS,,
$898000,?,?,,
$89FE00,Code,RTL,,
$8A8000,?,?,,
$8AAE00,Code,RTL,,
$8AAEAD,Code,RTS,,
$8AAECB,Code,RTL,,
$8AAF61,Code,RTL,,
$8AAF64,Code,RTL,,
$8AB06F,Code,RTL,,
$8AB0EA,Code,RTS,,
$8AB11E,Code,RTL,,
$8AB1AB,Code,RTL,,
$8AB224,Code,RTS,,
$8AB25A,Code,RTL,,
$8AB2FD,Code,RTL,,
$8AB3CC,Code,RTL,,
$8AB41C,Code,RTL,,
$8AB426,Code,RTL,,
$8AB42E,Code,RTL,,
$8AB499,Code,RTL,,
$8AB4A6,Code,RTL,,
$8AB4B3,Code,RTL,,
$8AB4FC,Code,RTL,,
$8AB509,Code,RTL,,
$8AB51A,Code,RTL,,
$8AB562,Code,RTL,,
$8AB5EB,Code,RTL,,
$8AB69A,Code,RTL,,
$8AB892,Code,RTS,,
$8AB8A6,Code,RTS,,
$8AB8C8,Code,RTS,,
$8AB958,Code,RTL,,
$8AB9E2,Code,RTL,,
$8ABAEE,Code,RTS,,
$8ABB7C,Code,RTS,,
$8ABE2F,Code,RTS,,
$8ABE99,Code,RTS,,
$8ABEA4,Code,RTS,,
$8ABEC7,Code,RTS,,
$8AC4AF,Code,RTS,,
$8AC585,Code,RTS,,
$8AC992,Code,RTS,,
$8AD751,Code,RTS,,
$8AD96F,Code,RTS,,
$8AD987,Code,RTS,,
$8ADA2B,Code,RTL,,
$8AE004,Code,RTS,,
$8AE40B,Code,RTS,,
$8AE841,Code,RTL,,
$8AE867,Code,RTL,,
$8AEA83,Code,RTL,,
$8AF0EB,Code,RTS,,
$8AF101,Code,RTS,,
$8AF214,Code,RTL,,
$8AF26A,Code,RTS,,
$8AF297,Code,RTS,,
$8AF5F0,Code,RTS,,
$8AF606,Code,RTL,,
$8AF69F,Code,RTL,,
$8AF6EE,Code,RTL,,
$8AF70B,Code,RTL,,
$8AF776,Code,RTL,,
$8AF7C5,Code,RTL,,
$8AF805,Code,RTL,,
$8AF93E,Code,RTL,,
$8AFBC8,Code,RTS,,
$8AFCBE,Code,RTS,,
$8AFD83,Code,RTL,,
$8B8000,Code,RTL,,
$8B8030,Code,RTL,,
$8B803B,Code,RTL,,
$8B8057,Code,RTL,,
$8B8067,Code,RTL,,
$8B806B,Code,RTL,,
$8B807E,Code,RTL,,
$8B8083,Code,RTL,,
$8B80AC,Code,RTL,,
$8B80B6,Code,RTL,,
$8B80CE,Code,RTL,,
$8B8111,Code,RTL,,
$8B8131,Code,RTL,,
$8B814A,Code,RTL,,
$8B8156,Code,RTL,,
$8B8174,Code,RTL,,
$8B81B8,Code,RTL,,
$8B81BD,Code,RTL,,
$8B81D3,Code,RTL,,
$8B81D8,Code,RTL,,
$8B81EE,Code,RTL,,
$8B8208,Code,RTL,,
$8B8252,Code,RTS,,
$8B8266,Code,RTL,,
$8B8289,Code,RTL,,
$8B8292,Code,RTL,,
$8B82DA,Code,RTL,,
$8B86BA,Code,RTL,,
$8B86D2,Code,RTL,,
$8B874A,Code,RTL,,
$8B88C7,Code,RTL,,
$8B8BD5,Code,RTS,,
$8B8BE8,Code,RTL,,
$8B8BFB,Code,RTL,,
$8B8C0E,Code,RTL,,
$8B8C3D,Code,RTL,,
$8B8C5D,Code,RTL,,
$8B8D38,Code,RTL,,
$8B90B1,Code,RTL,,
$8B92F4,Code,RTL,,
$8B9307,Code,RTL,,
$8B96A4,Code,RTS,,
$8B970C,Code,RTS,,
$8B974B,Code,RTS,,
$8B9930,Code,RTS,,
$8B9943,Code,RTS,,
$8B9952,Code,RTS,,
$8B99B6,Code,RTS,,
$8B9ED7,Code,RTS,,
$8B9F6A,Code,RTL,,
$8B9FFC,Code,RTS,,
$8BA03B,Code,RTS,,
$8BA065,Code,RTS,,
$8BA090,Code,RTS,,
$8BA2D1,Code,RTS,,
$8BA5E0,Code,RTS,,
$8BA5F7,Code,RTS,,
$8BA608,Code,RTL,,
$8BA60D,Code,RTS,,
$8BA61C,Code,RTS,,
$8BA658,Code,RTS,,
$8BA66C,Code,RTS,,
$8BA67A,Code,RTS,,
$8BA67F,Code,RTS,,
$8BA69A,Code,RTS,,
$8BA6B1,Code,RTS,,
$8BA6E4,Code,RTS,,
$8BA6EF,Code,RTS,,
$8BA6F7,Code,RTS,,
$8BA6F9,Code,RTS,,
$8BA6FF,Code,RTS,,
$8BA70F,Code,RTS,,
$8BA72B,Code,RTS,,
$8BA766,Code,RTS,,
$8BA790,Code,RTS,,
$8BA7B2,Code,RTS,,
$8BA7DC,Code,RTS,,
$8BA805,Code,RTS,,
$8BA83F,Code,RTS,,
$8BA85D,Code,RTS,,
$8BA862,Code,RTS,,
$8BA866,Code,RTS,,
$8BA873,Code,RTS,,
$8BA912,Code,RTS,,
$8BA91D,Code,RTS,,
$8BAACB,Code,RTS,,
$8BAAD9,Code,RTS,,
$8BAAFB,Code,RTS,,
$8BAB1A,Code,RTS,,
$8BAB73,Code,RTS,,
$8BAB80,Code,RTS,,
$8BAB88,Code,RTS,,
$8BAB8E,Code,RTS,,
$8BABA7,Code,RTS,,
$8BABC6,Code,RTS,,
$8BAC13,Code,RTS,,
$8BAC58,Code,RTS,,
$8BACC6,Code,RTS,,
$8BACDC,Code,RTS,,
$8BACDF,Code,RTS,,
$8BACEF,Code,RTS,,
$8BAD36,Code,RTS,,
$8BAD76,Code,RTS,,
$8BAD7E,Code,RTS,,
$8BAD86,Code,RTS,,
$8BADAD,Code,RTS,,
$8BAEFD,Code,RTS,,
$8BAF06,Code,RTS,,
$8BAF23,Code,RTS,,
$8BAFFA,Code,RTS,,
$8BB1FB,Code,RTL,,
$8BB448,Code,RTL,,
$8BB4FA,Code,RTS,,
$8BB867,Code,RTS,,
$8BB948,Code,RTS,,
$8BBC6D,Code,RTL,,
$8BBC8C,Code,RTL,,
$8BBCF3,Code,RTL,,
$8BBD38,Code,RTL,,
$8BC41A,Code,RTS,,
$8BC443,Code,RTS,,
$8BC474,Code,RTS,,
$8BC49E,Code,RTS,,
$8BC4DB,Code,RTS,,
$8BC4F9,Code,RTS,,
$8BC525,Code,RTS,,
$8BC546,Code,RTS,,
$8BC55C,Code,RTS,,
$8BC5A3,Code,RTS,,
$8BC78D,Code,RTL,,
$8BC79D,Code,RTL,,
$8BCC11,Code,RTL,,
$8BCF2B,Code,RTL,,
$8BCF45,Code,RTS,,
$8BCF54,Code,RTS,,
$8BCF71,Code,RTS,,
$8BCF81,Code,RTS,,
$8BCF98,Code,RTS,,
$8BCFAA,Code,RTS,,
$8BD093,Code,RTS,,
$8BD1CA,Code,RTS,,
$8BD280,Code,RTL,,
$8BD290,Code,RTS,,
$8BD2AD,Code,RTL,,
$8BD2E1,Code,RTL,,
$8BD921,Code,RTS,,
$8BDBD9,Code,RTS,,
$8BDCB7,Code,RTS,,
$8BDE35,Code,RTL,,
$8BDE79,Code,RTL,,
$8BDE88,Code,RTL,,
$8BDED1,Code,RTS,,
$8BDF1B,Code,RTS,,
$8BDF40,Code,RTS,,
$8BDF56,Code,RTS,,
$8BDF60,Code,RTS,,
$8BE28D,Code,RTL,,
$8BE336,Code,RTS,,
$8BE390,Code,RTS,,
$8BE43F,Code,RTL,,
$8BE7DC,Code,RTL,,
$8BE7F7,Code,RTS,,
$8BE823,Code,RTS,,
$8BE878,Code,RTS,,
$8BE897,Code,RTS,,
$8BE8EA,Code,RTS,,
$8BE900,Code,RTS,,
$8BE90C,Code,RTS,,
$8BE92B,Code,RTS,,
$8BE985,Code,RTS,,
$8BE993,Code,RTS,,
$8BEA06,Code,RTS,,
$8BED8A,Code,RTS,,
$8BED9E,Code,RTS,,
$8BEDBD,Code,RTS,,
$8BEDCF,Code,RTS,,
$8BF10B,Code,RTS,,
$8BF179,Code,RTS,,
$8BF184,Code,RTS,,
$8BF1A8,Code,RTS,,
$8BF1B5,Code,RTS,,
$8BF1C5,Code,RTS,,
$8BF21F,Code,RTL,,
$8BF637,Code,RTS,,
$8BF646,Code,RTS,,
$8BF65C,Code,RTS,,
$8BF667,Code,RTS,,
$8BF714,Code,RTL,,
$8BF763,Code,RTS,,
$8BF7AE,Code,RTS,,
$8BF7BB,Code,RTS,,
$8BF803,Code,RTS,,
$8BF858,Code,RTS,,
$8BF88E,Code,RTS,,
$8BF8DA,Code,RTS,,
$8BF8ED,Code,RTS,,
$8BFBF1,Code,RTS,,
$8BFCCA,Code,RTL,,
$8BFCE3,Code,RTL,,
$8BFCE7,Code,RTS,,
$8BFFA5,Code,RTL,,
$8C8000,?,?,,
$8C895D,Code,RTS,,
$8C8969,Code,RTS,,
$8C8985,Code,RTS,,
$8C8997,Code,RTS,,
$8C89B1,Code,RTS,,
$8C89D8,Code,RTS,,
$8C8A5D,Code,RTS,,
$8C8E02,Code,RTS,,
$8C8E43,Code,RTS,,
$8C94AC,Code,RTS,,
$8C94B6,Code,RTS,,
$8C94E2,Code,RTS,,
$8C99A4,Code,RTS,,
$8C99B3,Code,RTS,,
$8C99BD,Code,RTS,,
$8C99C9,Code,RTS,,
$8C9D6A,Code,RTS,,
$8C9D8E,Code,RTS,,
$8C9DAA,Code,RTS,,
$8C9DC6,Code,RTS,,
$8C9DE5,Code,RTS,,
$8C9E04,Code,RTS,,
$8C9E54,Code,RTS,,
$8C9E67,Code,RTS,,
$8C9E78,Code,RTS,,
$8CA04E,Code,RTL,,
$8CA0AA,Code,RTS,,
$8CA111,Code,RTL,,
$8CA11E,Code,RTL,,
$8CA164,Code,RTS,,
$8CA3B2,Code,RTS,,
$8CA51B,Code,RTS,,
$8CA78C,Code,RTS,,
$8CA87E,Code,RTS,,
$8CA9C4,Code,RTS,,
$8CA9F9,Code,RTS,,
$8CAAB5,Code,RTS,,
$8CAD09,Code,RTS,,
$8CAE4D,Code,RTS,,
$8CAE63,Code,RTS,,
$8CAFB4,Code,RTS,,
$8CB4B6,Code,RTS,,
$8CB4BD,Code,RTS,,
$8CB508,Code,RTS,,
$8CB537,Code,RTS,,
$8CB57A,Code,RTS,,
$8CB5A8,Code,RTS,,
$8CB5C2,Code,RTS,,
$8CB5CB,Code,RTS,,
$8CB5D4,Code,RTS,,
$8CB5DD,Code,RTS,,
$8CB5E6,Code,RTS,,
$8CB5EF,Code,RTS,,
$8CB5FC,Code,RTS,,
$8CB603,Code,RTS,,
$8CB62A,Code,RTS,,
$8CB647,Code,RTS,,
$8CB677,Code,RTS,,
$8CB6A7,Code,RTS,,
$8CB6E4,Code,RTS,,
$8CB6F5,Code,RTS,,
$8CB706,Code,RTS,,
$8CB727,Code,RTS,,
$8CB742,Code,RTS,,
$8CB746,Code,RTS,,
$8CB809,Code,RTS,,
$8CB82B,Code,RTS,,
$8CB873,Code,RTS,,
$8CB881,Code,RTS,,
$8CB88D,Code,RTS,,
$8CB94E,Code,RTS,,
$8CBA45,Code,RTS,,
$8CBA6D,Code,RTS,,
$8CBBCC,Code,RTS,,
$8CBBFB,Code,RTS,,
$8CBC05,Code,RTS,,
$8CBFB1,Code,RTS,,
$8CC02E,Code,RTS,,
$8CC074,Code,RTS,,
$8CC08E,Code,RTS,,
$8CC0A4,Code,RTS,,
$8CC0AE,Code,RTS,,
$8CC0B8,Code,RTS,,
$8CC0C0,Code,RTS,,
$8CC0E9,Code,RTS,,
$8CC110,Code,RTS,,
$8CC32D,Code,RTL,,
$8CC50D,Code,RTL,,
$8CCB1D,Code,RTL,,
$8CCB58,Code,RTL,,
$8CCB64,Code,RTL,,
$8CD110,Code,RTL,,
$8CD680,Code,RTS,,
$8CD7CB,Code,RTL,,
$8CD7DA,Code,RTL,,
$8CD8EA,Code,RTL,,
$8CDA3C,Code,RTL,,
$8CDA5B,Code,RTL,,
$8CDB0D,Code,RTL,,
$8CDDB4,Code,RTL,,
$8CDDC6,Code,RTL,,
$8CDE00,Code,RTL,,
$8CDE76,Code,RTL,,
$8CDEE9,Code,RTL,,
$8CDF08,Code,RTL,,
$8CE15A,Code,RTL,,
$8CE20D,Code,RTL,,
$8CE2F8,Code,RTS,,
$8CE325,Code,RTS,,
$8CE4B3,Code,RTS,,
$8CE4E5,Code,RTS,,
$8CE5D2,Code,RTS,,
$8CE666,Code,RTS,,
$8CEB3C,Code,RTL,,
$8CEBD7,Code,RTS,,
$8CECD8,Code,RTL,,
$8CED33,Code,RTL,,
$8CED98,Code,RTS,,
$8CEF4E,Code,RTS,,
$8CF3B8,Code,RTL,,
$8CF3DA,Code,RTL,,
$8CF3FB,Code,RTL,,
$8CF410,Code,RTL,,
$8CF418,Code,RTL,,
$8CF43E,Code,RTS,,
$8CF52C,Code,RTL,,
$8CF6BE,Code,RTL,,
$8CF6D1,Code,RTL,,
$8CF7F2,Code,RTL,,
$8CF881,Code,RTS,,
$8CF98E,Code,RTL,,
$8CF9C3,Code,RTL,,
$8CF9D2,Code,RTL,,
$8CF9DB,Code,RTL,,
$8CF9EB,Code,RTL,,
$8CFA0A,Code,RTL,,
$8CFA29,Code,RTL,,
$8CFA30,Code,RTL,,
$8CFA37,Code,RTL,,
$8CFA3F,Code,RTL,,
$8CFA51,Code,RTL,,
$8CFA7A,Code,RTL,,
$8CFAD9,Code,RTL,,
$8CFAE6,Code,RTL,,
$8CFAF3,Code,RTL,,
$8CFBAE,Code,RTL,,
$8CFBB6,Code,RTL,,
$8CFBBE,Code,RTL,,
$8CFBC6,Code,RTL,,
$8CFBCE,Code,RTL,,
$8CFBD6,Code,RTL,,
$8CFBDC,Code,RTL,,
$8CFC16,Code,RTL,,
$8CFC32,Code,RTL,,
$8CFC44,Code,RTL,,
$8CFC49,Code,RTL,,
$8CFC54,Code,RTL,,
$8CFC64,Code,RTL,,
$8CFC6F,Code,RTL,,
$8CFC76,Code,RTL,,
$8CFC9E,Code,RTL,,
$8CFCA5,Code,RTL,,
$8CFCB4,Code,RTL,,
$8CFCD0,Code,RTL,,
$8CFCF0,Code,RTL,,
$8CFCF1,Code,RTL,,
$8CFD0B,Code,RTL,,
$8CFD3F,Code,RTL,,
$8CFD59,Code,RTL,,
$8CFD61,Code,RTL,,
$8CFD63,Code,RTL,,
$8CFD78,Code,RTL,,
$8CFD7A,Code,RTL,,
$8CFD84,Code,RTL,,
$8CFD8F,Code,RTL,,
$8CFDB0,Code,RTL,,
$8CFDBB,Code,RTL,,
$8CFDCC,Code,RTL,,
$8CFE04,Code,RTL,,
$8CFE19,Code,RTL,,
$8CFE29,Code,RTL,,
$8CFE36,Code,RTL,,
$8CFE4B,Code,RTL,,
$8CFE8B,Code,RTL,,
$8CFEAB,Code,RTL,,
$8CFEF6,Code,RTL,,
$8CFF0C,Code,RTL,,
$8CFF15,Code,RTL,,
$8CFF1E,Code,RTL,,
$8D8000,?,?,,
$8D8121,Code,RTS,,
$8D813E,Code,RTS,,
$8D815D,Code,RTS,,
$8D8273,Code,RTS,,
$8D828D,Code,RTL,,
$8D832C,Code,RTS,,
$8D83B5,Code,RTS,,
$8D86BD,Code,RTS,,
$8D882B,Code,RTL,,
$8D8B36,Code,RTS,,
$8D8CD6,Code,RTS,,
$8D8D53,Code,RTS,,
$8D8DBE,Code,RTS,,
$8D8EB4,Code,RTS,,
$8D8FE8,Code,RTS,,
$8D91E0,Code,RTS,,
$8D94E8,Code,RTS,,
$8D957E,Code,RTL,,
$8D967B,Code,RTS,,
$8D969C,Code,RTS,,
$8D972D,Code,RTS,,
$8D974B,Code,RTS,,
$8D9756,Code,RTS,,
$8D9A5C,Code,RTS,,
$8D9AD2,Code,RTS,,
$8D9AFB,Code,RTS,,
$8D9CA5,Code,RTS,,
$8D9CAE,Code,RTS,,
$8D9CB5,Code,RTS,,
$8D9D63,Code,RTS,,
$8D9D79,Code,RTS,,
$8D9DD2,Code,RTS,,
$8D9DE7,Code,RTS,,
$8D9DF7,Code,RTS,,
$8D9E04,Code,RTS,,
$8D9E25,Code,RTS,,
$8D9E34,Code,RTS,,
$8D9E42,Code,RTL,,
$8D9E49,Code,RTL,,
$8D9E72,Code,RTL,,
$8DA0A8,Code,RTS,,
$8DA17E,Code,RTL,,
$8DA185,Code,RTL,,
$8DA18A,Code,RTL,,
$8DA1B6,Code,RTL,,
$8DA207,Code,RTS,,
$8DA2AC,Code,RTS,,
$8DA38A,Code,RTS,,
$8DA3B7,Code,RTS,,
$8DA45B,Code,RTS,,
$8DA511,Code,RTS,,
$8DA568,Code,RTS,,
$8DA5A4,Code,RTL,,
$8DA5BD,Code,RTS,,
$8DA7D1,Code,RTS,,
$8DA9E3,Code,RTS,,
$8DAD8F,Code,RTS,,
$8DAEE8,Code,RTS,,
$8DB150,Code,RTL,,
$8DB2D7,Code,RTS,,
$8DB86B,Code,RTS,,
$8DB8E3,Code,RTS,,
$8DB90A,Code,RTS,,
$8DBA35,Code,RTL,,
$8DBB16,Code,RTS,,
$8DBC2B,Code,RTL,,
$8DBD06,Code,RTL,,
$8DBF93,Code,RTS,,
$8DBFEB,Code,RTL,,
$8DC048,Code,RTL,,
$8DC508,Code,RTL,,
$8DC514,Code,RTL,,
$8DC60D,Code,RTL,,
$8DC621,Code,RTL,,
$8DC6F7,Code,RTL,,
$8DC757,Code,RTS,,
$8DC7A4,Code,RTL,,
$8DC81D,Code,RTL,,
$8DC8DD,Code,RTL,,
$8DC8F0,Code,RTL,,
$8DC9B3,Code,RTS,,
$8DC9D5,Code,RTL,,
$8DCA78,Code,RTL,,
$8DCB53,Code,RTL,,
$8DCB71,Code,RTL,,
$8DCBAF,Code,RTL,,
$8DCBFF,Code,RTL,,
$8DCC2D,Code,RTL,,
$8DCC4A,Code,RTL,,
$8DCC92,Code,RTL,,
$8DCCA7,Code,RTL,,
$8DCCBA,Code,RTL,,
$8DCF1E,Code,RTS,,
$8DCF50,Code,RTS,,
$8DCFC8,Code,RTL,,
$8DCFF9,Code,RTS,,
$8DD015,Code,RTL,,
$8DD022,Code,RTL,,
$8DD034,Code,RTL,,
$8DD064,Code,RTL,,
$8DD0DD,Code,RTS,,
$8DD0FA,Code,RTL,,
$8DD139,Code,RTL,,
$8DD154,Code,RTS,,
$8DD161,Code,RTL,,
$8DD196,Code,RTL,,
$8DD2E7,Code,RTS,,
$8DD30A,Code,RTS,,
$8DD3ED,Code,RTL,,
$8DD53A,Code,RTS,,
$8DE009,Code,RTL,,
$8DE031,Code,RTL,,
$8DE059,Code,RTS,,
$8DE06C,Code,RTS,,
$8DE07B,Code,RTS,,
$8DE085,Code,RTS,,
$8DE09C,Code,RTS,,
$8DE0BB,Code,RTS,,
$8DE0CC,Code,RTL,,
$8DE30A,Code,RTS,,
$8DE441,Code,RTS,,
$8DE45A,Code,RTS,,
$8DE467,Code,RTS,,
$8DE4E6,Code,RTS,,
$8DE51D,Code,RTS,,
$8DE52E,Code,RTL,,
$8DE6CD,Code,RTS,,
$8DE72D,Code,RTS,,
$8DE74A,Code,RTS,,
$8DE776,Code,RTS,,
$8DE7D5,Code,RTL,,
$8DE8D0,Code,RTS,,
$8DEA00,Code,RTL,,
$8DEA25,Code,RTS,,
$8DEA3E,Code,RTL,,
$8DEA6D,Code,RTL,,
$8DEAB6,Code,RTS,,
$8DEBA2,Code,RTS,,
$8DEC03,Code,RTS,,
$8DED85,Code,RTS,,
$8DEDEB,Code,RTS,,
$8DEEA6,Code,RTS,,
$8DEF3D,Code,RTS,,
$8DF05C,Code,RTS,,
$8DF603,Code,RTS,,
$8DF620,Code,RTS,,
$8DF63E,Code,RTS,,
$8DF669,Code,RTS,,
$8DF75D,Code,RTS,,
$8DFA57,Code,RTS,,
$8DFB9E,Code,RTS,,
$8DFBEE,Code,RTS,,
$8DFBF5,Code,RTS,,
$8DFC25,Code,RTS,,
$8DFC3B,Code,RTS,,
$8DFC64,Code,RTS,,
$8DFC76,Code,RTS,,
$8DFC7F,Code,RTS,,
$8DFC8F,Code,RTS,,
$8DFCAC,Code,RTS,,
$8DFD2C,Code,RTS,,
$8DFDC7,Code,RTS,,
$8DFE2F,Code,RTS,,
$8DFE7D,Code,RTL,,
$8DFEF7,Code,RTS,,
$8DFF18,Code,RTS,,
$8DFF29,Code,RTL,,
$8DFF34,Code,RTL,,
$8E8000,?,?,,
$8EFE80,Code,RTL,,
$8EFE90,Code,RTL,,
$8EFEA0,Code,RTS,,
$8EFEB8,Code,RTS,,
$8EFED4,Code,RTS,,
$8EFEE7,Code,RTS,,
$8EFEFA,Code,RTS,,
$8EFF09,Code,RTS,,
$8EFF1C,Code,RTS,,
$8EFF34,Code,RTS,,
$8EFF50,Code,RTS,,
$8EFF63,Code,RTS,,
$8EFF76,Code,RTS,,
$8EFF85,Code,RTS,,
$8EFF98,Code,RTL,,
$8F8000,?,?,,
$8FFE12,Code,RTL,,
$8FFEF2,Code,RTL,,
$908000,?,?,,
$918000,?,?,,
$928000,?,?,,
$92FD40,Code,RTL,,
$92FE36,Code,RTL,,
$92FE50,Code,RTL,,
$92FE5E,Code,RTL,,
$92FEC5,Code,RTL,,
$92FEE5,Code,RTL,,
$92FF78,Code,RTS,,
$92FF7F,Code,RTS,,
$92FF9A,Code,RTL,,
$92FFB6,Code,RTS,,
$92FFD7,Code,RTL,,
$92FFDE,Code,RTS,,
$938000,?,?,,
$948000,?,?,,
$958000,?,?,,
$968000,?,?,,
$96FB43,Code,RTL,,
$96FB5D,Code,RTL,,
$96FB63,Code,RTL,,
$96FB90,Code,RTL,,
$96FBA9,Code,RTL,,
$96FBB1,Code,RTL,,
$96FBB9,Code,RTL,,
$96FC0C,Code,RTL,,
$96FC35,Code,RTL,,
$96FC49,Code,RTL,,
$96FD00,Code,RTL,,
$96FDE2,Code,RTL,,
$96FE03,Code,RTL,,
$96FE20,Code,RTL,,
$96FEAF,Code,RTL,,
$96FEC2,Code,RTS,,
$96FF15,Code,RTL,,
$978000,?,?,,
$97FC80,Code,RTL,,
$97FD36,Code,RTL,,
$97FDB9,Code,RTL,,
$97FE46,Code,RTL,,
$97FEB7,Code,RTL,,
$97FEE1,Code,RTL,,
$97FEE4,Code,RTL,,
$97FF37,Code,RTL,,
$988000,?,?,,
$98FEFA,Code,RTS,,
$98FF18,Code,RTL,,
$998000,?,?,,
$9A8000,?,?,,
$9B8000,?,?,,
$9BFEC0,Code,RTL,,
$9BFF1E,Code,RTL,,
$9C8000,?,?,,
$9CFDA1,Code,RTS,,
$9CFDAC,Code,RTS,,
$9CFF0F,Code,RTL,,
$9CFF1C,Code,RTL,,
$9CFF27,Code,RTL,,
$9CFF2F,Code,RTL,,
$9CFF3A,Code,RTL,,
$9CFF5F,Code,RTL,,
$9CFFA9,Code,RTL,,
$9D8000,?,?,,
$9E8000,?,?,,
$9F8000,?,?,,
$A08000,?,?,,
$A0EFD6,Code,RTS,,
$A0F0BB,Code,RTS,,
$A0F0C2,Code,RTS,,
$A0F2BA,Code,RTS,,
$A0F601,Code,RTS,,
$A0F63C,Code,RTS,,
$A0F648,Code,RTS,,
$A0F67A,Code,RTL,,
$A0F718,Code,RTL,,
$A0F7A3,Code,RTS,,
$A0F821,Code,RTS,,
$A0F887,Code,RTL,,
$A0F92E,Code,RTL,,
$A0F9E7,Code,RTL,,
$A0FA2A,Code,RTS,,
$A0FA43,Code,RTL,,
$A0FA96,Code,RTS,,
$A0FAB2,Code,RTS,,
$A18000,?,?,,
$A28000,?,?,,
$A38000,?,?,,
$A48000,?,?,,
$A58000,?,?,,
$A68000,?,?,,
$A78000,?,?,,
$A88000,?,?,,
$A8FC80,Code,RTL,,
$A8FCB4,Code,RTS,,
$A98000,?,?,,
$AA8000,?,?,,
$AB8000,?,?,,
$AC8000,?,?,,
$AD8000,?,?,,
$AE8000,?,?,,
$AF8000,?,?,,
$B08000,?,?,,
$B18000,?,?,,
$B28000,?,?,,
$B38000,?,?,,
$B3FC10,Code,RTL,,
$B3FD21,Code,RTL,,
$B3FD40,Code,RTL,,
$B3FDE5,Code,RTL,,
$B3FE44,Code,RTL,,
$B3FE45,Code,RTL,,
$B3FE71,Code,RTL,,
$B3FE7D,Code,RTL,,
$B48000,?,?,,
$B58000,?,?,,
$B68000,?,?,,
$B78000,?,?,,
$B88000,?,?,,
$B98000,?,?,,
$BA8000,?,?,,
$BB8000,?,?,,
$BC8000,?,?,,
$BD8000,?,?,,
$BE8000,?,?,,
$BF8000,?,?,,
